id,name,location,city_id,latitude,longitude
1,ï»¿63rd Street Beach,b'\x00\x00\x00\x00\x01\x01\x00\x00\x00$_\t\xa4\xc4\xe4U\xc0\\3\x9e\xad(\xe4D@',596,41.7824914,-87.574502
2,Abbott Park,b'\x00\x00\x00\x00\x01\x01\x00\x00\x00\x805\xbdz\xcb\xe7U\xc0\xbb\x1c\xc0lL\xdcD@',23,41.7210823,-87.6217944
3,Ada Park,b'\x00\x00\x00\x00\x01\x01\x00\x00\x00\xc2\x0c\x88\xf0\xdd\xe9U\xc0\x18\x0c\xae\xb9#\xd8D@',24,41.688590250000004,-87.65417111669652
4,Adams Park,b'\x00\x00\x00\x00\x01\x01\x00\x00\x00\x02\x7f\xf8\xf9\xef\xe9U\xc0c+hZb\xf5D@',26,41.917064,-87.655272
5,Adams Playground Park,b'\x00\x00\x00\x00\x01\x01\x00\x00\x00\x02\x7f\xf8\xf9\xef\xe9U\xc0c+hZb\xf5D@',25,41.917064,-87.655272
6,Addams Park,b'\x00\x00\x00\x00\x01\x01\x00\x00\x00W\x16\x96\x89l\xeaU\xc0eh\xe1WQ\xeeD@',28,41.8618574,-87.6628746
7,Administration Building,b'\x00\x00\x00\x00\x01\x01\x00\x00\x00\x1e\x8bmR\xd1\xedU\xc0\x96@J\xec\xda\xf0D@',647,41.881681,-87.715901
8,Altgeld Park,b'\x00\x00\x00\x00\x01\x01\x00\x00\x00p\xfc\x9a\xf6^\xecU\xc0\xac\xd5\r\xca\xea\xefD@',32,41.8743527,-87.6932961
9,Amundsen Park,b'\x00\x00\x00\x00\x01\x01\x00\x00\x00\xdfc\xfao\xef\xf1U\xc0\xd5\x96:\xc8\xeb\xf4D@',33,41.9134455,-87.7802391
10,Anderson Playground Park,b'\x00\x00\x00\x00\x01\x01\x00\x00\x00\x13P\x97{\xb7\xe7U\xc0\xc4\x9e\xd1\xb1\xde\xe9D@',34,41.8271086,-87.6205739
11,Archer Park,b'\x00\x00\x00\x00\x01\x01\x00\x00\x00\x83n/i\x0c\xefU\xc0\x85\xc7#]\xd8\xe6D@',37,41.8034779,-87.7351325
12,Armour Square Park,b'\x00\x00\x00\x00\x01\x01\x00\x00\x00\xd6G\x96\x82\xa4\xe8U\xc0d\xe0\xca#\xc9\xeaD@',38,41.8342633,-87.6350409
13,Armstrong Park,"b'\x00\x00\x00\x00\x01\x01\x00\x00\x00\x1e\x00\xcc\x10""\xe7U\xc0\xcb\x80\xb3\x94,\xe8D@'",39,41.8138605,-87.6114542
14,Arrigo Park,b'\x00\x00\x00\x00\x01\x01\x00\x00\x00\xef\xb6\xc1?[\xeaU\xc0\x15\xc09\xc8\x90\xefD@',40,41.8716059,-87.6618194
15,Athletic Field Park,b'\x00\x00\x00\x00\x01\x01\x00\x00\x00h\xa0\xe8p\xe3\xedU\xc0\xb9=\x9c\x1b.\xf9D@',18,41.9467196,-87.7170069
16,Augusta Park,b'\x00\x00\x00\x00\x01\x01\x00\x00\x00\xde\xe0\xb0\xd96\xefU\xc0\x9c\xe7\xe35\n\xf3D@',46,41.8987491,-87.7377228
17,Austin Town Hall Park,b'\x00\x00\x00\x00\x01\x01\x00\x00\x00\xc9%\xe9\xf5\x02\xf1U\xc0Ny\x19j\xb9\xf1D@',49,41.8884709,-87.7658057
18,Avalon Park,b'\x00\x00\x00\x00\x01\x01\x00\x00\x00\x9c\xd6\x12\x97\x08\xe6U\xc0q\x8b\x9e\x00/\xdfD@',50,41.7436219,-87.5942743
19,Avondale Park,b'\x00\x00\x00\x00\x01\x01\x00\x00\x00_\xe4\xaf\xda\xc6\xedU\xc0\xb5]W\x82{\xf8D@',1,41.9412692,-87.7152621
20,Bartelme (Mary) Park,b'\x00\x00\x00\x00\x01\x01\x00\x00\x00#\xf9J \xa5\xe9U\xc0\xc7\x14\x07+\xa9\xf0D@',56,41.8801626,-87.6507035
21,Bauler Playlot Park,b'\x00\x00\x00\x00\x01\x01\x00\x00\x00*\xca\xa5\xf1\x0b\xe9U\xc0\xd30|DL\xf5D@',58,41.91639,-87.641354
22,Bell Park,b'\x00\x00\x00\x00\x01\x01\x00\x00\x00\x81\xf1g\xd3\xec\xf2U\xc0\xf5\xa0\xa0\x14\xad\xf7D@',61,41.9349695,-87.7957047
23,Berger Park Cultural Center,b'\x00\x00\x00\x00\x01\x01\x00\x00\x00{\xbb\xca\x7f\xed\xe9U\xc0D7V\xbdW\xffD@',62,41.9948651,-87.6551208
24,Bessemer Park,b'\x00\x00\x00\x00\x01\x01\x00\x00\x00\x86\xdd\x1cS\x9c\xe3U\xc0\xc0\xea\xc8\x91\xce\xddD@',63,41.7328665,-87.5564163
25,Beverly Park,b'\x00\x00\x00\x00\x01\x01\x00\x00\x00\xf6s\xaf8\xc1\xebU\xc0\xfe\xd7\x14#\xa6\xdaD@',64,41.7081951,-87.6836683
26,Big Marsh Park,b'\x00\x00\x00\x00\x01\x01\x00\x00\x00\xdfw\xc2\x01\xe3\xe4U\xc0uy\xceq\xc9\xd7D@',661,41.6858351,-87.5763554
27,Bixler Playlot Park,b'\x00\x00\x00\x00\x01\x01\x00\x00\x00\xa6\x1e\xb3\xfd\xf5\xe5U\xc0\xf6L\xe5\xa3{\xe5D@',67,41.7928357,-87.5931391
28,Blackhawk Park,b'\x00\x00\x00\x00\x01\x01\x00\x00\x00\x8b\xf0@\xae\x1e\xf0U\xc0N\x14\xd7\xe7 \xf6D@',68,41.9228792,-87.7518726
29,Bogan Park,b'\x00\x00\x00\x00\x01\x01\x00\x00\x00m\x92z\xaa\x1e\xeeU\xc0\x05\xb3\xf8\x03\xd4\xdfD@',71,41.7486577,-87.7206217
30,Boler (Roscoe Lee) Park,b'\x00\x00\x00\x00\x01\x01\x00\x00\x00a\xfc4\xee\xcd\xedU\xc0\x8c\xa1\x9chW\xefD@',73,41.869855,-87.715694
31,Bosley Playground Park,b'\x00\x00\x00\x00\x01\x01\x00\x00\x00\t\xda\x897\xd7\xe9U\xc0F\xab\xa4_l\xebD@',74,41.8392448,-87.6537608
32,Bradley Park,"b'\x00\x00\x00\x00\x01\x01\x00\x00\x00\x14\x05\xfaD\x1e\xe4U\xc0\xca""\x03/\xe9\xdbD@'",76,41.7180537,-87.5643475
33,Brainerd Park,b'\x00\x00\x00\x00\x01\x01\x00\x00\x00\x82Y\xfc\x01\xea\xe9U\xc0&Pii\x13\xddD@',77,41.7271549,-87.6549077
34,Brands Park,b'\x00\x00\x00\x00\x01\x01\x00\x00\x00\x00[\xb9r\xd1\xecU\xc0\xb4\x99\x9e\x0b~\xf8D@',14,41.9413466,-87.7002837
35,Brighton Park,b'\x00\x00\x00\x00\x01\x01\x00\x00\x00^\xbb\xb4\xe1\xb0\xecU\xc0\x9c3\xa2\xb47\xeaD@',78,41.829825,-87.698296
36,Broadway Armory Gymnastics Center,b'\x00\x00\x00\x00\x01\x01\x00\x00\x00\xccr#v7\xeaU\xc0m\x92z\xaa\x9e\xfeD@',607,41.9892171,-87.6596351
37,Broadway Armory Park,b'\x00\x00\x00\x00\x01\x01\x00\x00\x00\xccr#v7\xeaU\xc0m\x92z\xaa\x9e\xfeD@',79,41.9892171,-87.6596351
38,Broncho Billy Playlot Park,b'\x00\x00\x00\x00\x01\x01\x00\x00\x00n=\xf9\xaaK\xeaU\xc0\xdc\rG\xfc/\xfbD@',81,41.9624019,-87.6608684
39,Brooks Park,b'\x00\x00\x00\x00\x01\x01\x00\x00\x00m\xddr\x9a\xaa\xf3U\xc0\xe3r\x17\xbcC\x01E@',83,42.0098796,-87.8072878
40,Buffalo Playlot Park,b'\x00\x00\x00\x00\x01\x01\x00\x00\x00\x93\xc8>\xc8\xb2\xecU\xc0\xbc<\x9d+J\xfbD@',88,41.963201,-87.698412
41,Burnham Park,"b""\x00\x00\x00\x00\x01\x01\x00\x00\x00\xa2\x9f\x04\x91\xa0\xe6U\xc0\xb9t'39\xeaD@""",89,41.8298706,-87.6035502
42,Burnside Park,b'\x00\x00\x00\x00\x01\x01\x00\x00\x00\xb1\xc5\xc9XH\xe6U\xc0\x90\x9f\x8d\\7\xe1D@',90,41.759502,-87.5981657
43,Buttercup Playlot Park,b'\x00\x00\x00\x00\x01\x01\x00\x00\x00\x12K\xca\xdd\xe7\xe9U\xc0\n.V\xd4`\xfcD@',91,41.971705,-87.654777
44,California Park,b'\x00\x00\x00\x00\x01\x01\x00\x00\x00\xb9\x9f\xf8\xd6\xac\xecU\xc0?\xe7\xc9\x90\xbe\xf9D@',93,41.9511281,-87.6980493
45,Calumet Beach,b'\x00\x00\x00\x00\x01\x01\x00\x00\x00t=v\xbc\xee\xe1U\xc0\xd8\x914\xc9\xd9\xdbD@',622,41.7175838,-87.5301963
46,Calumet Park,b'\x00\x00\x00\x00\x01\x01\x00\x00\x00t=v\xbc\xee\xe1U\xc0\xd8\x914\xc9\xd9\xdbD@',94,41.7175838,-87.5301963
47,Carver Park,b'\x00\x00\x00\x00\x01\x01\x00\x00\x00yD\xe0\xa3Y\xe6U\xc0\xf4V\xb8@\xdd\xd3D@',98,41.6551896,-87.5992212
48,Chase Park,b'\x00\x00\x00\x00\x01\x01\x00\x00\x00\x8db\xb9\xa5\xd5\xeaU\xc0\x91\xb4\x1b}\xcc\xfbD@',106,41.967178,-87.66929
49,Chicago Women's Park and Gardens,"b'\x00\x00\x00\x00\x01\x01\x00\x00\x00\x90L\x87N\xcf\xe7U\xc0{""\x99\x1f\xc9\xedD@'",108,41.8577003,-87.622028
50,Chippewa Park,"b'\x00\x00\x00\x00\x01\x01\x00\x00\x00\x82\xe1\x01\n\x1a\xedU\xc0\xdcy,\xc7u\x00E@'",109,42.0035943,-87.7047143
51,Chopin Park,b'\x00\x00\x00\x00\x01\x01\x00\x00\x00\xf7Q\xb2A\xcb\xf0U\xc0\xbe.\xc3\x7f\xba\xf8D@',110,41.9431915,-87.7624058
52,Churchill Field Playlot Park,b'\x00\x00\x00\x00\x01\x01\x00\x00\x00\xedb\x9a\xe9^\xebU\xc0\xc8\xb8=\x9c\x1b\xf5D@',112,41.9149051,-87.677668
53,Clarendon Park Community Center,b'\x00\x00\x00\x00\x01\x01\x00\x00\x00\xcf\xa6~9\x8e\xe9U\xc0`X\xfe|[\xfbD@',114,41.9637295,-87.6493057
54,Clark (John) Park,b'\x00\x00\x00\x00\x01\x01\x00\x00\x00^zE\x01l\xefU\xc0\x13\xee:\xc08\xf0D@',115,41.8767319,-87.7409671
55,Clark (Richard) Boathouse,"b'\x00\x00\x00\x00\x01\x01\x00\x00\x00\xd23b\x0bf\xecU\xc0\xa3,2\xf0\x92\xf8D@'",116,41.9419842,-87.6937283
56,Columbus Park,b'\x00\x00\x00\x00\x01\x01\x00\x00\x00\xf0\xebv\xac\x08\xf1U\xc07\xdc\xec\xb4\xda\xefD@',125,41.8738619,-87.7661544
57,Columbus Park Refectory,b'\x00\x00\x00\x00\x01\x01\x00\x00\x00\t\xf1\x92IW\xf1U\xc0\x8a6l\x00\xdb\xefD@',638,41.8738709,-87.7709526
58,Commercial Club Playground,b'\x00\x00\x00\x00\x01\x01\x00\x00\x00\xe7\xdd\xfd\x96%\xebU\xc0MNH\xc6\xc5\xf2D@',126,41.8966606,-87.6741693
59,Cooper Park,b'\x00\x00\x00\x00\x01\x01\x00\x00\x004\xddF^1\xeaU\xc0\x19\xec\xe1&\xfe\xedD@',128,41.8593186,-87.6592632
60,Cornell Park,b'\x00\x00\x00\x00\x01\x01\x00\x00\x00A\xcco\xe2u\xe5U\xc0i\xeb;\x1a\xe2\xe5D@',129,41.7959626,-87.5853201
61,Cornell Square Park,"b'\x00\x00\x00\x00\x01\x01\x00\x00\x00@\xd4""G\xdf\xeaU\xc0\xe6b\xc2\x1e\xc9\xe6D@'",130,41.8030127,-87.6698778
62,Cosme Park,b'\x00\x00\x00\x00\x01\x01\x00\x00\x00\xc1$\x98\x15\xbe\xeaU\xc0|\xb1\x9c)\x19\xddD@',131,41.7273304,-87.6678518281724
63,Cragin Park,b'\x00\x00\x00\x00\x01\x01\x00\x00\x00\xa1E[:\x8b\xf0U\xc0b\x02ma\xcc\xf6D@',134,41.9281122,-87.7584978
64,Crescent Park,b'\x00\x00\x00\x00\x01\x01\x00\x00\x00*\x03\x07\xb4t\xebU\xc0\x8f\x1a\x13b.\xd9D@',136,41.696728,-87.678998
65,Davis Square Park,b'\x00\x00\x00\x00\x01\x01\x00\x00\x00\x9e%\xc8\x08\xa8\xeaU\xc0\xc6\x13\xe6\xe2\x14\xe8D@',140,41.8131374,-87.666506
66,Dawes Park,b'\x00\x00\x00\x00\x01\x01\x00\x00\x00\x13\xf6H\xde\x14\xebU\xc0m>\t\xc7\x87\xdfD@',141,41.7463311,-87.6731487
67,de Burgos (Julia) Park,b'\x00\x00\x00\x00\x01\x01\x00\x00\x00\xdeG$\xc0\x1f\xedU\xc0\xb3\xaao\xaa\xff\xf4D@',434,41.9140523,-87.7050629
68,Dearborn Park,b'\x00\x00\x00\x00\x01\x01\x00\x00\x00jDz\x9bH\xe8U\xc0(\xd7o\x81_\xefD@',143,41.8701021,-87.6294316
69,Don Nash Community Center,b'\x00\x00\x00\x00\x01\x01\x00\x00\x00\xb6\xeb\xef\xb6\x1c\xe5U\xc0\xfd]\xe9\xc6\x05\xe2D@',364,41.7658013,-87.5798776
70,Donovan Playground Park,b'\x00\x00\x00\x00\x01\x01\x00\x00\x00\xf3\x87\xb0+w\xe9U\xc0\x8f\xe8\xf9.\x00\xeaD@',152,41.8281306,-87.6478986
71,Dooley Playground Park,b'\x00\x00\x00\x00\x01\x01\x00\x00\x00\xaeC\xdakf\xedU\xc0a\xb2\xa7\xd3p\xe0D@',153,41.7534432,-87.7093763
72,Douglass Park Cultural and Community Center,b'\x00\x00\x00\x00\x01\x01\x00\x00\x00;\x95g\xb9\xc7\xecU\xc0\xbc\xe6\xfa\xe3b\xeeD@',155,41.8623929,-87.6996902
73,Dunbar Park,b'\x00\x00\x00\x00\x01\x01\x00\x00\x00\xff\x9br\xe0\xb0\xe7U\xc0\x9e:\xfbo\xca\xebD@',158,41.8421154,-87.6201707
74,Dunham Park,b'\x00\x00\x00\x00\x01\x01\x00\x00\x00\xb4\xed\x0f\xef\x14\xf2U\xc0\xb9\x7fv\xd1\xa1\xfbD@',159,41.9658758,-87.7825277
75,Durkin Park,b'\x00\x00\x00\x00\x01\x01\x00\x00\x00\x95\x92/\xb2\xae\xeeU\xc0`\xf2\xf5k\xa1\xdeD@',160,41.7393012,-87.7294126
76,Dvorak Park,b'\x00\x00\x00\x00\x01\x01\x00\x00\x00\x9c_\xde-\xda\xe9U\xc0\xa9\xee\xdbZp\xedD@',163,41.8549913,-87.6539416
77,Eckhart Park,b'\x00\x00\x00\x00\x01\x01\x00\x00\x004\x1d\xf0\xafT\xeaU\xc0\xdd\x98\x9e\xb0\xc4\xf2D@',165,41.8966275,-87.6614189
78,Edgebrook Park,b'\x00\x00\x00\x00\x01\x01\x00\x00\x00\x1e\x03\r\x91\xae\xf0U\xc0\xe8\xfco\x80\xf4\xffD@',166,41.9996491,-87.7606547
79,Edison Park,"b""\x00\x00\x00\x00\x01\x01\x00\x00\x00\xc9'\x1aZS\xf4U\xc09\x93\xdb\x9b\x84\x00E@""",167,42.0040469,-87.8175874
80,Ellis Park,b'\x00\x00\x00\x00\x01\x01\x00\x00\x00\x18\x93\xa3\xa5\x17\xe7U\xc0\xa0]thG\xeaD@',169,41.8303042,-87.6108183
81,Emmerson Park,b'\x00\x00\x00\x00\x01\x01\x00\x00\x00\x044\xb6|I\xebU\xc0\xc3P=\x88S\xffD@',173,41.9947367,-87.6763603
82,Erhler Playlot Park,b'\x00\x00\x00\x00\x01\x01\x00\x00\x00\x83\x89?\x8a\xba\xebU\xc05\x7f\xa7$F\xf5D@',174,41.9162031,-87.6832605
83,Euclid Park,b'\x00\x00\x00\x00\x01\x01\x00\x00\x003%H[\xcb\xe8U\xc0h\xcaN?\xa8\xdbD@',176,41.716072,-87.6374119
84,Eugene Field Park,b'\x00\x00\x00\x00\x01\x01\x00\x00\x00\xe7\xecSD<\xeeU\xc0\x8a\x1e\xf8\x18\xac\xfcD@',7,41.974002,-87.7224284
85,Fargo Beach Park,b'\x00\x00\x00\x00\x01\x01\x00\x00\x00\xc2Vd\xcfy\xeaU\xc0^\xd5\xfes=\x02E@',179,42.0175004,-87.6636847
86,Fellger Playlot Park,b'\x00\x00\x00\x00\x01\x01\x00\x00\x00u\xe7\x89\xe7l\xebU\xc0MK\xac\x8cF\xf8D@',180,41.939653,-87.678522
87,Fernwood Park,b'\x00\x00\x00\x00\x01\x01\x00\x00\x00@\x8f\x07\x11\xdf\xe8U\xc0+X\x99\xdf\x1f\xdaD@',181,41.7040977,-87.6386149
88,Fosco Park,b'\x00\x00\x00\x00\x01\x01\x00\x00\x00>\x08\x01\xf9\x12\xeaU\xc0k[9 \xae\xeeD@',187,41.8646889,-87.657408
89,Foster Beach,b'\x00\x00\x00\x00\x01\x01\x00\x00\x00b\x15\xca\x1d\x91\xe9U\xc0R\xf92\xac=\xfdD@',619,41.9784446,-87.6494822
90,Foster Park,b'\x00\x00\x00\x00\x01\x01\x00\x00\x00\xf6?O$=\xeaU\xc0\xc2\xd4\xe0\xc7\xe2\xdeD@',188,41.7412958,-87.65998180140727
91,Franklin Park,b'\x00\x00\x00\x00\x01\x01\x00\x00\x00@\xc0Z\xb5\xeb\xeeU\xc0G\xe9\xd2\xbf$\xeeD@',189,41.8604965,-87.7331365
92,Fred Anderson Park,b'\x00\x00\x00\x00\x01\x01\x00\x00\x00\xdeeua\xda\xe7U\xc0ZU\xe51\xb9\xdeD@',654,41.7400267,-87.6227039
93,Fuller Park,b'\x00\x00\x00\x00\x01\x01\x00\x00\x00\xca\xe7\xcb\xc1\xa2\xe8U\xc0l\xfbh\x82\xf2\xe7D@',190,41.8120883,-87.6349339
94,Gage Park,b'\x00\x00\x00\x00\x01\x01\x00\x00\x00\xdc\xe6]t\xd6\xebU\xc0\xc6\xf9@\x97\x95\xe5D@',191,41.793627650000005,-87.68496426744554
95,Galewood Park,b'\x00\x00\x00\x00\x01\x01\x00\x00\x00\noj\xfb2\xf1U\xc0P}\xd6\xeb\xcc\xf4D@',192,41.9125037,-87.7687367
96,Garfield Park,b'\x00\x00\x00\x00\x01\x01\x00\x00\x00\x1e\x8bmR\xd1\xedU\xc0\x96@J\xec\xda\xf0D@',193,41.881681,-87.715901
97,Garfield Park Conservatory,b'\x00\x00\x00\x00\x01\x01\x00\x00\x00\xf0X\xc7L\xfd\xedU\xc0\xda\x1a\x11\x8c\x83\xf1D@',594,41.886827,-87.7185852
98,Gately Park,b'\x00\x00\x00\x00\x01\x01\x00\x00\x00\x17\x18h-\xbb\xe6U\xc0]\xf2\x89\x86\xd6\xdaD@',195,41.7096718,-87.6051744
99,Gill Park,b'\x00\x00\x00\x00\x01\x01\x00\x00\x00\xd6\x05\x17\x86\xa3\xe9U\xc0\xc6\xcd_\xd7\xe5\xf9D@',196,41.9523267,-87.6506057
100,Gladstone Park,b'\x00\x00\x00\x00\x01\x01\x00\x00\x00\x8d\xbf\xa3|w\xf1U\xc0rS^\x86Z\xfdD@',198,41.9793251,-87.7729179
101,Golden Gate Park,b'\x00\x00\x00\x00\x01\x01\x00\x00\x00\xbfd\xe3\xc1\x16\xe7U\xc0\x84b+hZ\xd4D@',201,41.659009,-87.610764
102,Gompers Park,b'\x00\x00\x00\x00\x01\x01\x00\x00\x00q+s\xa9\x00\xefU\xc0\xbf2\xca\x8e\xe8\xfcD@',13,41.9758471,-87.7344154
103,Grand Crossing Park,b'\x00\x00\x00\x00\x01\x01\x00\x00\x00\x03\x88\xcc\xa6m\xe6U\xc0\xdcu\x80q\xba\xe0D@',204,41.7556898,-87.6004426
104,Grandparents Playlot Park,b'\x00\x00\x00\x00\x01\x01\x00\x00\x00\xf0\xa1\xe9\x91\xab\xf5U\xc0FT\xf2\xfbH\xfdD@',206,41.9787898,-87.8385968
105,Grant Park,b'\x00\x00\x00\x00\x01\x01\x00\x00\x00_\x7f\x12\x9f\xbb\xedU\xc0\x82d\xf0\xe6_\xf3D@',207,41.9013642,-87.7145765
106,Graver Park,b'\x00\x00\x00\x00\x01\x01\x00\x00\x00\xbf\x7f\xf3\xe2D\xeaU\xc0\x9e\xe2\x82}\x85\xdaD@',209,41.7071988,-87.6604545
107,Green Briar Park,b'\x00\x00\x00\x00\x01\x01\x00\x00\x00\xd3\xb6\x06[\x91\xecU\xc0P\x86O\xdf\xd7\xfeD@',210,41.9909629,-87.6963718
108,Gross Park,b'\x00\x00\x00\x00\x01\x01\x00\x00\x00r\xca76\x96\xecU\xc0NG[\xf0\xfd\xfbD@',213,41.9686871,-87.6966682
109,Gwendolyn Brooks Park,b'\x00\x00\x00\x00\x01\x01\x00\x00\x00\xb3g*\x1f]\xe6U\xc0\xef\xf6j\x91\xfe\xe7D@',82,41.8124563,-87.5994337
110,Gymnastics Administration,b'\x00\x00\x00\x00\x01\x01\x00\x00\x00\x961O\xf8\xb6\xe6U\xc0\xda\xaa$\xb2\x0f\xe4D@',635,41.781729,-87.6049176
111,Haas Park,b'\x00\x00\x00\x00\x01\x01\x00\x00\x00\xc4\xfb\xbb\x88\x80\xecU\xc0\xa6\x8b\x03\x9ej\xf6D@',214,41.9251287,-87.6953451
112,Haines School Park,b'\x00\x00\x00\x00\x01\x01\x00\x00\x00o\xc9\xbb4\x8f\xe8U\xc0\xf9\x01\xfe\xdf\xc7\xecD@',585,41.8498497,-87.6337406
113,Hale Park,b'\x00\x00\x00\x00\x01\x01\x00\x00\x00B\xc7\x7f\x99\xd9\xf1U\xc0\xe4Y8\xff\xe5\xe3D@',215,41.78045645,-87.77890622595172
114,Hamilton Park,b'\x00\x00\x00\x00\x01\x01\x00\x00\x00\x9c\xb2\x89\x82\xcf\xe8U\xc0\xc35-g\xa5\xe1D@',217,41.7628602,-87.6376654
115,Hamlin Park,b'\x00\x00\x00\x00\x01\x01\x00\x00\x00\xd5\xd0\x06`\x83\xebU\xc0-\xc5\x9f\xf2\xf9\xf7D@',218,41.9373153,-87.6798935
116,Harold Washington Playlot Park,b'\x00\x00\x00\x00\x01\x01\x00\x00\x00\x90\x05\x96mq\xe5U\xc0\x04>\x9aE\x83\xe6D@',518,41.8008811,-87.5850481
117,Harris Gymnastics Center,b'\x00\x00\x00\x00\x01\x01\x00\x00\x00\x961O\xf8\xb6\xe6U\xc0\xda\xaa$\xb2\x0f\xe4D@',696,41.781729,-87.6049176
118,Harris Park,b'\x00\x00\x00\x00\x01\x01\x00\x00\x00\x961O\xf8\xb6\xe6U\xc0\xda\xaa$\xb2\x0f\xe4D@',222,41.781729,-87.6049176
119,Harrison Park,b'\x00\x00\x00\x00\x01\x01\x00\x00\x00\x99.\x1f\xa4\x02\xebU\xc0\xa2\x04\xa2\xcc\xab\xedD@',224,41.8568054,-87.6720362
120,Hasan Playlot Park,b'\x00\x00\x00\x00\x01\x01\x00\x00\x00!\x02\x0e\xa1J\xe4U\xc0\xe8\xadp\x81\xba\xe2D@',227,41.7713167,-87.567055
121,Hayes Park,b'\x00\x00\x00\x00\x01\x01\x00\x00\x00\x8e\x1f*\x8d\x98\xecU\xc0\x0c\xd1|)\x97\xdeD@',228,41.7389881,-87.696811
122,Hegewisch Marsh,"b""\x00\x00\x00\x00\x01\x01\x00\x00\x00\xb4'7@\x1f\xe4U\xc0\xf9\xba\x0c\xff\xe9\xd3D@""",657,41.6555785,-87.5644074
123,Hermitage Park,"b'\x00\x00\x00\x00\x01\x01\x00\x00\x00\xe1\x1bT,\xc8\xeaU\xc0\xbaR*<\xc3\xe4D@'",231,41.7872081,-87.6684676
124,Hermosa Park,"b""\x00\x00\x00\x00\x01\x01\x00\x00\x00'U\x91\xc0U\xefU\xc0\x15D\x93z\x05\xf6D@""",232,41.9220422,-87.7396089
125,Hiawatha Park,b'\x00\x00\x00\x00\x01\x01\x00\x00\x00P\xce\x06O\xd7\xf4U\xc0\x02+\x87\x16\xd9\xf8D@',233,41.944125,-87.8256414
126,Hollywood Park,b'\x00\x00\x00\x00\x01\x01\x00\x00\x00\x99.\xc4\xea\x8f\xedU\xc0V(\xd2\xfd\x9c\xfeD@',19,41.989166,-87.711909
127,Holstein Park,b'\x00\x00\x00\x00\x01\x01\x00\x00\x00\x7f\x07P\x9d\xd8\xebU\xc0\xc1~>\x80\xfb\xf5D@',238,41.9217377,-87.6850961
128,Homan Park,b'\x00\x00\x00\x00\x01\x01\x00\x00\x00P^f\xffw\xedU\xc0\x90\xb24\xa6\x16\xedD@',239,41.852253700000006,-87.71044907566943
129,Homan Square Park,b'\x00\x00\x00\x00\x01\x01\x00\x00\x00b\x97\xf2k\xb5\xedU\xc0^h\xae\xd3H\xefD@',588,41.86941,-87.7141981
130,Horner Park,b'\x00\x00\x00\x00\x01\x01\x00\x00\x00 \xa2xP\x92\xecU\xc0\x86\xfc}\x10\x93\xfaD@',4,41.957613050000006,-87.69643031864734
131,Howard Beach Park,b'\x00\x00\x00\x00\x01\x01\x00\x00\x00j\x93y\x9a\x82\xeaU\xc0^z\xa0\xba^\x02E@',244,42.0185159,-87.6642214
132,Humboldt Park,b'\x00\x00\x00\x00\x01\x01\x00\x00\x00qVDM\xf4\xecU\xc0#\xd2\xdbD\xd2\xf6D@',249,41.9282919,-87.702411
133,Independence Park,b'\x00\x00\x00\x00\x01\x01\x00\x00\x00\xc8\xab\xbd\x99b\xeeU\xc0P\xf7\xa6\x8e\xfa\xf9D@',20,41.9529589,-87.7247681
134,Indian Boundary Park and Cultural Center,b'\x00\x00\x00\x00\x01\x01\x00\x00\x00\x88!\x83&S\xecU\xc0\n\xcb\xe9\xfc%\x01E@',251,42.0089718,-87.6925751
135,Indian Road Park,b'\x00\x00\x00\x00\x01\x01\x00\x00\x00\x1e\x15\xa4\xbe\xd1\xf1U\xc0w<\x1c\x13\x18\xffD@',252,41.9929222,-87.7784268
136,Jackie Robinson Park,b'\x00\x00\x00\x00\x01\x01\x00\x00\x00\xbeR\xf1\xda\x80\xe9U\xc0(\x0b__\xeb\xd9D@',592,41.7024955,-87.6484897
137,Jackson Park,"b""\x00\x00\x00\x00\x01\x01\x00\x00\x00]\nY'x\xe5U\xc04\x08\xbdH\xb2\xe3D@""",604,41.7788783,-87.5854586
138,Jackson Park Fieldhouse,"b""\x00\x00\x00\x00\x01\x01\x00\x00\x00]\nY'x\xe5U\xc04\x08\xbdH\xb2\xe3D@""",253,41.7788783,-87.5854586
139,Jacob Playlot Park,b'\x00\x00\x00\x00\x01\x01\x00\x00\x00\xaa\xfe\xf7\x96\xa8\xecU\xc0\x16\xc1\xffV\xb2\xfbD@',254,41.96638,-87.6977899
140,Jane Addams Memorial Park,"b""\x00\x00\x00\x00\x01\x01\x00\x00\x00\xef\xd2<68\xe7U\xc0\x18'\xbe\xdaQ\xf2D@""",27,41.893123,-87.6128059
141,Jefferson Memorial Park,b'\x00\x00\x00\x00\x01\x01\x00\x00\x00/\x80\x95\xe8\xd1\xf0U\xc0\xdd\xd30\xd7\xfd\xfbD@',260,41.9686841,-87.7628118
142,Jensen Park,b'\x00\x00\x00\x00\x01\x01\x00\x00\x00C;\xa7Y \xeeU\xc0\xe7\xac\xaa\xf2\x98\xfbD@',21,41.9656051,-87.7207245
143,Jesse White Gymnastics Center,b'\x00\x00\x00\x00\x01\x01\x00\x00\x00\xe2x>\x03\xea\xe8U\xc0=\xf2\x07\x03\xcf\xf2D@',649,41.8969425,-87.639283
144,Jesse White Park,b'\x00\x00\x00\x00\x01\x01\x00\x00\x00\xe2x>\x03\xea\xe8U\xc0=\xf2\x07\x03\xcf\xf2D@',650,41.8969425,-87.639283
145,Jonquil Playlot Park,b'\x00\x00\x00\x00\x01\x01\x00\x00\x00\xec\xd8\xad\n\xf9\xe9U\xc0\x01\x8a\xec\xde\xe5\xf6D@',262,41.9288901,-87.6558253
146,Judd Goldman Community Sailing Center,b'\x00\x00\x00\x00\x01\x01\x00\x00\x00\xa1\x11l\\\xff\xe6U\xc0\x8d\xc8\xc1\xb6\x8f\xeeD@',613,41.8637608,-87.609336
147,Juneway Beach Park,b'\x00\x00\x00\x00\x01\x01\x00\x00\x00~\x1fi\xcb\x94\xeaU\xc0!\xd1_C\xcb\x02E@',264,42.0218281,-87.6653317
148,Kedvale Park,b'\x00\x00\x00\x00\x01\x01\x00\x00\x00\xa4\x1fh`\xbf\xeeU\xc09\xf2\x9b\x1d\x04\xf4D@',266,41.9063756,-87.7304307
149,Kells Playground Park,b'\x00\x00\x00\x00\x01\x01\x00\x00\x00\xd8\x9f\xc4\xe7N\xedU\xc0\xb5\xfc\xc0U\x9e\xf2D@',268,41.895457,-87.707941
150,Kelly Park,b'\x00\x00\x00\x00\x01\x01\x00\x00\x00\xa7\x05/\xfa\n\xeaU\xc0\x97Tm7\xc1\xf9D@',269,41.951209,-87.65692
151,Kelvyn Park,b'\x00\x00\x00\x00\x01\x01\x00\x00\x00\x16\x99\xca\xec=\xefU\xc0y\xc9\xff\xe4\xef\xf6D@',271,41.929196,-87.7381546
152,Ken-Well Park,b'\x00\x00\x00\x00\x01\x01\x00\x00\x00\x94\x9c\xb8\xc1\xf5\xeeU\xc0\x83\nX\xbc\xa2\xf7D@',276,41.9346538,-87.7337498
153,Kennedy Park,"b'\x00\x00\x00\x00\x01\x01\x00\x00\x00`|,\xd8\xa1\xebU\xc0\x89<\xee\x00\xf4\xd7D@'",273,41.6871339,-87.6817532
154,Kennicott Park,b'\x00\x00\x00\x00\x01\x01\x00\x00\x00/\x8b\xe4\x86:\xe6U\xc0\xbfK\x04\x059\xe8D@',274,41.8142401,-87.5973222
155,Kenwood Community Park,b'\x00\x00\x00\x00\x01\x01\x00\x00\x00^\xfc\xc8\x08\x03\xe6U\xc0e%\x9c\xcc.\xe7D@',277,41.8061157,-87.5939352
156,Kilbourn Park,b'\x00\x00\x00\x00\x01\x01\x00\x00\x00\xd7\xc1\xc1\xdeD\xefU\xc0S \xb3\xb3\xe8\xf8D@',10,41.9446015,-87.7385785
157,"King (Dr. Martin Luther, Jr.) Park",b'\x00\x00\x00\x00\x01\x01\x00\x00\x00|e\xde\xaa\xeb\xe9U\xc0%\xce\x8a\xa8\x89\xe0D@',279,41.754201,-87.655009
158,Kosciuszko Park,b'\x00\x00\x00\x00\x01\x01\x00\x00\x00R\xc6\t]S\xeeU\xc0QCe\r(\xf7D@',284,41.9309098,-87.7238381
159,La Follette Park,b'\x00\x00\x00\x00\x01\x01\x00\x00\x00\x17i=\xd7R\xf0U\xc0\x81\xb4\xff\x01\xd6\xf3D@',287,41.9049685,-87.7550562
160,La Villita Park,b'\x00\x00\x00\x00\x01\x01\x00\x00\x00S\xb8y>\xde\xecU\xc0\xbd*a\xb7\x19\xf0D@',648,41.8757848,-87.7010647
161,Lake Meadows Park,b'\x00\x00\x00\x00\x01\x01\x00\x00\x00y\x97\xe6\xb1A\xe7U\xc0\xf7N\x16\x08L\xebD@',288,41.8382578,-87.6133847
162,Lake Shore Park,b'\x00\x00\x00\x00\x01\x01\x00\x00\x00\xbf\xe8<t\x8b\xe7U\xc0\xe0\xa2\x93\xa5\xd6\xf2D@',289,41.8971755,-87.6178866
163,Lane Beach Park,b'\x00\x00\x00\x00\x01\x01\x00\x00\x00\xd3\xb5@\xcc\xef\xe9U\xc0\x01\xf35p\xac\xfeD@',291,41.9896374,-87.6552611
164,Lawler Park,b'\x00\x00\x00\x00\x01\x01\x00\x00\x00\xd3F\x1a\x81\x1d\xf0U\xc04\xe4\x8e\xedk\xe3D@',295,41.7767312,-87.7518008
165,LeClaire-Hearst Park,b'\x00\x00\x00\x00\x01\x01\x00\x00\x00\xd1\xa4^\x01\x16\xf0U\xc0\xf8\x0e\xc8o\x1b\xe8D@',297,41.8133373,-87.7513431
166,Leone Beach Park,"b'\x00\x00\x00\x00\x01\x01\x00\x00\x00\x84h\x08""f\xeaU\xc0:o\x08\xfa\xb0\x01E@'",301,42.0132134,-87.6624837
167,Lincoln Park,b'\x00\x00\x00\x00\x01\x01\x00\x00\x00Q\x0c5\xaf\x8f\xe8U\xc0^zE\x01\xec\xf5D@',602,41.9212648,-87.6337698
168,Lincoln Park Conservatory,"b'\x00\x00\x00\x00\x01\x01\x00\x00\x00\x8a]6\x95\xa0\xe8U\xc0j\xc3\xbc""S\xf6D@'",597,41.9244121,-87.6348012
169,Lincoln Park Cultural Center,b'\x00\x00\x00\x00\x01\x01\x00\x00\x00\xb1\x12\x98\xf3\xb1\xe8U\xc0\x13g\xa0\x8d\xb7\xf5D@',307,41.9196641,-87.6358613
170,Lindblom Park,"b'\x00\x00\x00\x00\x01\x01\x00\x00\x00\xc5\x92\xcd\xb0,\xebU\xc0\x08\xc5\xfb\x16B\xe4D@'",308,41.7832669,-87.6746027
171,Lowe Playground Park,b'\x00\x00\x00\x00\x01\x01\x00\x00\x00\xc9\x87\xea\xf7\x0e\xe9U\xc0r\xc3\xef\xa6[\xe6D@',313,41.799672,-87.6415386
172,Loyola Park,b'\x00\x00\x00\x00\x01\x01\x00\x00\x00\xcd\\\xe0\xf2X\xeaU\xc0\x85q\xdc\xcec\x01E@',314,42.0108584,-87.661679
173,Madigan Park,"b'\x00\x00\x00\x00\x01\x01\x00\x00\x00\x14N\x1c\x8aL\xefU\xc0""F\x19\xbb\x8e\xe2D@'",639,41.7699808,-87.7390466
174,Maggie Daley Park,b'\x00\x00\x00\x00\x01\x01\x00\x00\x00\xde\x19\x12\x9c\x9f\xe7U\xc0\xb7\x14Fi%\xf1D@',5,41.8839542,-87.6191168
175,Mandrake Park,b'\x00\x00\x00\x00\x01\x01\x00\x00\x00\x17\xf2\x08n\xa4\xe6U\xc0\x9e\xee<\xf1\x9c\xe9D@',322,41.825102,-87.603786
176,Mann Park,b'\x00\x00\x00\x00\x01\x01\x00\x00\x00\t\x13\xeb\xf9?\xe3U\xc0j\xd9Z_$\xd4D@',323,41.65736,-87.5507798
177,Maplewood Playlot Park,b'\x00\x00\x00\x00\x01\x01\x00\x00\x00]\xe6\xcf\x12?\xecU\xc0a\x82dK\xa0\xf4D@',325,41.9111418,-87.6913497
178,Margaret Donahue Park,b'\x00\x00\x00\x00\x01\x01\x00\x00\x00\xd7 \x82`D\xeaU\xc0\x96\xcb\xeb-\x8a\xf8D@',651,41.9417169,-87.6604234
179,Margate Park,b'\x00\x00\x00\x00\x01\x01\x00\x00\x00@\x7fF\x8e\x99\xe9U\xc0e\x1b\xb8\x03u\xfcD@',579,41.972321,-87.6499973
180,Marquette Park,b'\x00\x00\x00\x00\x01\x01\x00\x00\x00\xf6\xf0\xc0[\xfb\xecU\xc0\xde\xac\xc1\xfb\xaa\xe2D@',327,41.770843,-87.7028417
181,Mary Richardson Jones Park,b'\x00\x00\x00\x00\x01\x01\x00\x00\x00\xb8\xe1\x1c\x1a;\xe8U\xc0E2?\x92\xed\xeeD@',261,41.8666251,-87.6286073
182,Mather Park,b'\x00\x00\x00\x00\x01\x01\x00\x00\x00\xccyk\x05\xf2\xecU\xc0\xef\x81\x0c\xd3\xad\xfeD@',332,41.9896797,-87.7022718
183,Mayfair Park,b'\x00\x00\x00\x00\x01\x01\x00\x00\x00C\x88\xd0\xad|\xefU\xc0k\x05\xf2\x919\xfbD@',6,41.9626944,-87.7419848
184,McFetridge Sports Center,b'\x00\x00\x00\x00\x01\x01\x00\x00\x00\xb9\x9f\xf8\xd6\xac\xecU\xc0?\xe7\xc9\x90\xbe\xf9D@',2,41.9511281,-87.6980493
185,McGuane Park,b'\x00\x00\x00\x00\x01\x01\x00\x00\x00(Y\x98\xcf\x83\xe9U\xc0\xe3\x07\x9d\xc6\xac\xebD@',333,41.8412102,-87.6486701
186,McKiernan Playground Park,b'\x00\x00\x00\x00\x01\x01\x00\x00\x00ML\x17b\xf5\xecU\xc0\xb5\xc7f\xa2c\xd9D@',336,41.6983531,-87.702477
187,McKinley Park,b'\x00\x00\x00\x00\x01\x01\x00\x00\x00\xd1\x99\x0fc\xad\xebU\xc0\x8b\xd50\x8dp\xe9D@',103,41.8237473,-87.6824577
188,Merrimac Park,b'\x00\x00\x00\x00\x01\x01\x00\x00\x00\x1dv\xdf1<\xf2U\xc0Ij\xfc\x1d\xe5\xf9D@',340,41.9523046,-87.784924
189,Metcalfe Park,b'\x00\x00\x00\x00\x01\x01\x00\x00\x00\x8f\x0b\xbd\xb4\x17\xe8U\xc0Xo\xd4\n\xd3\xe8D@',342,41.8189405,-87.6264469
190,Meyering Playground Park,b'\x00\x00\x00\x00\x01\x01\x00\x00\x00?\xa3\x190m\xe7U\xc0\x9a\x1f$\xb0\xde\xe1D@',343,41.7646084,-87.6160393
191,Midway Plaisance Park,b'\x00\x00\x00\x00\x01\x01\x00\x00\x00J\x94b\xec)\xe6U\xc0\x8c\x98~.\xbf\xe4D@',347,41.7870844,-87.5963088
192,Minuteman Park,b'\x00\x00\x00\x00\x01\x01\x00\x00\x00\xe2\xce\xe0J\xd1\xf0U\xc0+\xd3y\x9e\x89\xe4D@',350,41.7854498,-87.7627742
193,Montrose Beach,b'\x00\x00\x00\x00\x01\x01\x00\x00\x00s\x10t\xb4\xaa\xe8U\xc0b\x91\x15\xb2\xa9\xfbD@',615,41.9661162,-87.635419
194,Moore Park,b'\x00\x00\x00\x00\x01\x01\x00\x00\x00w\xec\xb1>/\xf0U\xc0\\ A\xf1c\xf0D@',355,41.87805,-87.7528836
195,Moran Playground Park,b'\x00\x00\x00\x00\x01\x01\x00\x00\x00\x97}\rw\xe4\xe9U\xc0\x1a\xa8\xe78\x12\xe5D@',356,41.7896186,-87.6545694
196,Morgan Park Sports Center,b'\x00\x00\x00\x00\x01\x01\x00\x00\x00qK\xf5\xae\x8b\xebU\xc0\xdf\xb7kS\x86\xd7D@',660,41.6837868,-87.6804006
197,Mozart Park,b'\x00\x00\x00\x00\x01\x01\x00\x00\x00_\xbczpR\xeeU\xc0\xee\x91r\x9c\x80\xf5D@',359,41.9179874,-87.7237817
198,Mt. Greenwood Park,b'\x00\x00\x00\x00\x01\x01\x00\x00\x00\x06\xf2\xec\xf2\xad\xedU\xc0t\x99\x9a\x04o\xd8D@',358,41.690888,-87.713742
199,Munroe Park,b'\x00\x00\x00\x00\x01\x01\x00\x00\x00E\xdf\x93=\xf8\xebU\xc0\xdag\xdf&\xed\xd9D@',362,41.7025498,-87.6870264
200,Murray Playground Park,b'\x00\x00\x00\x00\x01\x01\x00\x00\x00\x03\xf7\xf2\xf1\xbf\xeaU\xc0\xd5\x99\xd6\x01k\xe1D@',399,41.7610781,-87.6679654
201,Nat King Cole Park,"b'\x00\x00\x00\x00\x01\x01\x00\x00\x00\xb9\xa3\xa4,h\xe7U\xc0AU\x962\xba\xdeD@'",121,41.7400573,-87.6157333
202,Nichols Park,b'\x00\x00\x00\x00\x01\x01\x00\x00\x00\xd1rE\xce\xe7\xe5U\xc0\xeb\x1b\x98\xdc(\xe6D@',367,41.798122,-87.5922733
203,Normandy Playground Park,b'\x00\x00\x00\x00\x01\x01\x00\x00\x00)\xbbODu\xf2U\xc0=gf\xc1\x1f\xe6D@',370,41.7978441,-87.7884074
204,North Avenue Beach,b'\x00\x00\x00\x00\x01\x01\x00\x00\x00(\x01{\x961\xe8U\xc0\x80\x14\xd0\x9f\x91\xf5D@',603,41.9185066,-87.6280266
205,North Park Village Nature Center,b'\x00\x00\x00\x00\x01\x01\x00\x00\x00v8\x15\x04j\xeeU\xc0%\xf1\xa8\xe7\x93\xfeD@',22,41.9888887,-87.7252207
206,Northerly Island,b'\x00\x00\x00\x00\x01\x01\x00\x00\x00\x84c\x96=\t\xe7U\xc0\xf5\xf1u\xbeD\xeeD@',374,41.8614729,-87.609939
207,Norwood Circle Park,b'\x00\x00\x00\x00\x01\x01\x00\x00\x00\x0e\xe0\x88I\x93\xf3U\xc0\xc7\xa1~\x17\xb6\xfeD@',375,41.989932,-87.8058647
208,Norwood Park,b'\x00\x00\x00\x00\x01\x01\x00\x00\x00\x0b\x84\xf8\x1b\xc8\xf2U\xc0Yi\xf7PG\xfeD@',376,41.9865514,-87.7934637
209,O'Hallaren Park,"b'\x00\x00\x00\x00\x01\x01\x00\x00\x00:?\xc5q\xe0\xeaU\xc0\xee\xa9A=""\xe2D@'",382,41.7666699,-87.669949
210,Oakdale Park,b'\x00\x00\x00\x00\x01\x01\x00\x00\x00C#3rq\xe9U\xc0\x88Z\xe4\xe8;\xdcD@',378,41.7205783,-87.6475492
211,Ogden Park,"b'\x00\x00\x00\x00\x01\x01\x00\x00\x00[\x1d\xa5\xb7\xe4\xe9U\xc0b\xe8""\xcf?\xe3D@'",380,41.7753848,-87.6545848
212,Ohio Street Beach,b'\x00\x00\x00\x00\x01\x01\x00\x00\x00\xb3\xdf\xc9]:\xe7U\xc00\xe8\xce]\\\xf2D@',626,41.8934438,-87.6129374
213,Olympia Park,b'\x00\x00\x00\x00\x01\x01\x00\x00\x00=mC{+\xf4U\xc0\xac\xd5\r\xca\xea\xffD@',385,41.9993527,-87.8151539
214,Oriole Park,b'\x00\x00\x00\x00\x01\x01\x00\x00\x00\x8d6\xd8\xe5%\xf4U\xc0\x02d\xe8\xd8A\xfdD@',386,41.978572,-87.8148131
215,Osterman Beach,b'\x00\x00\x00\x00\x01\x01\x00\x00\x00R^\xd0\xe7\xc8\xe9U\xc0\xe7\x82D$T\xfeD@',621,41.9869428,-87.6528873
216,Owens Park,b'\x00\x00\x00\x00\x01\x01\x00\x00\x00\xb3*\x1d\x07\xb9\xe4U\xc0\x8e63\x9f\x18\xdeD@',388,41.7351264,-87.5737932
217,Oz Park,b'\x00\x00\x00\x00\x01\x01\x00\x00\x00M\xa5\xfa)i\xe9U\xc0\x1e\x8d\x9e\xb6\xa1\xf5D@',389,41.9189976,-87.6470437
218,Palmer Gymnastics Center,b'\x00\x00\x00\x00\x01\x01\x00\x00\x00\x8a\x11x\x16s\xe7U\xc0X+\xc9\xf0\x8e\xd8D@',698,41.6918622,-87.6163994
219,Palmer Park,b'\x00\x00\x00\x00\x01\x01\x00\x00\x00\x8a\x11x\x16s\xe7U\xc0X+\xc9\xf0\x8e\xd8D@',391,41.6918622,-87.6163994
220,Palmer Square Park,b'\x00\x00\x00\x00\x01\x01\x00\x00\x00\xae\x17\x9e\xf2C\xedU\xc0\xea\xa0\x01\xab\xd9\xf5D@',641,41.9207052,-87.7072722
221,Palmisano Park,b'\x00\x00\x00\x00\x01\x01\x00\x00\x00\xab%\x1d\xe5`\xe9U\xc0\x13\rR\xf0\x14\xecD@',392,41.844389,-87.646539
222,Park No. 540,b'\x00\x00\x00\x00\x01\x01\x00\x00\x002\xbar\xacA\xe8U\xc0\xafm\x9b\xf3\x9d\xecD@',636,41.8485703,-87.6290084
223,Park No. 548 - Major Taylor Bike Trail,b'\x00\x00\x00\x00\x01\x01\x00\x00\x00\xd7O\xffY\xf3\xe8U\xc0r\xa6\t\xdbO\xd6D@',320,41.674312,-87.639853
224,Park No. 556,b'\x00\x00\x00\x00\x01\x01\x00\x00\x00\xbe*\xbcp\x0c\xecU\xc0\xbe\x8a\xe7\xc7\xba\xf6D@',436,41.9275751,-87.6882593
225,Park No. 559,b'\x00\x00\x00\x00\x01\x01\x00\x00\x00\x90\xbd\xde\xfd\xf1\xe9U\xc06\xd8\x8a\xec9\xffD@',439,41.9939552,-87.655395
226,Park No. 567,b'\x00\x00\x00\x00\x01\x01\x00\x00\x00}Y\xda\xa9\xb9\xebU\xc0\n\xf85\x92\x04\xf5D@',655,41.914202,-87.683207
227,Park No. 568 - West Ridge Nature Preserve,b'\x00\x00\x00\x00\x01\x01\x00\x00\x00\xe4\xc3V\x91\x12\xecU\xc0\x01\x14#Kf\xfeD@',646,41.98749675,-87.68863328431286
228,Park No. 571 - Eleanor Boathouse,b'\x00\x00\x00\x00\x01\x01\x00\x00\x00\x1b\xe1\xa3\xb4m\xeaU\xc0\x08\x11_\xdc\xfc\xebD@',642,41.8436542,-87.6629459
229,Park No. 596 - Brighton Park Community Campus,b'\x00\x00\x00\x00\x01\x01\x00\x00\x00\x1aS\x1f\xfb\xf4\xebU\xc0\xa2\x122\xeb \xe7D@',684,41.8056921,-87.68682745036168
230,Paschen Park,b'\x00\x00\x00\x00\x01\x01\x00\x00\x00\x0fd=\xb5z\xebU\xc0Y\xbf\x99\x98.\x01E@',464,42.0092345,-87.6793645
231,Pasteur Park,b'\x00\x00\x00\x00\x01\x01\x00\x00\x00\xff\xe1\xf8\xeb\xdf\xeeU\xc0\ndv\x16\xbd\xe4D@',463,41.7870205,-87.7324171
232,Pendleton Playlot Park,b'\x00\x00\x00\x00\x01\x01\x00\x00\x00\xd4\x15\xc7\xdc\x90\xe7U\xc0L\x88\xb9\xa4j\xe8D@',86,41.8157545,-87.6182167
233,Peterson Gymnastics Center,b'\x00\x00\x00\x00\x01\x01\x00\x00\x00v8\x15\x04j\xeeU\xc0%\xf1\xa8\xe7\x93\xfeD@',17,41.9888887,-87.7252207
234,Peterson Park,b'\x00\x00\x00\x00\x01\x01\x00\x00\x00v8\x15\x04j\xeeU\xc0%\xf1\xa8\xe7\x93\xfeD@',9,41.9888887,-87.7252207
235,Ping Tom Memorial Park,b'\x00\x00\x00\x00\x01\x01\x00\x00\x00\xde! \xba{\xe8U\xc0?6\xc9\x8f\xf8\xedD@',495,41.859148,-87.6325517
236,Piotrowski Park,b'\x00\x00\x00\x00\x01\x01\x00\x00\x00w\xe7\x9a\x13\xc5\xeeU\xc0\x9e\xa0\xa8\xc7\x11\xebD@',458,41.8364801,-87.7307786
237,Portage Park,b'\x00\x00\x00\x00\x01\x01\x00\x00\x00\xfe\x828j\xe0\xf0U\xc0\xbd\\z\xeaG\xfaD@',15,41.9553197,-87.7636972
238,Pottawattomie Park,b'\x00\x00\x00\x00\x01\x01\x00\x00\x00x\x8c<Zf\xebU\xc0m\xd3\x8e\xd1\xf0\x01E@',454,42.0151617,-87.6781221
239,Printers Row Park,b'\x00\x00\x00\x00\x01\x01\x00\x00\x00\x83\xeb@\x8cF\xe8U\xc0b\xfa\xb9\xfc\xe2\xefD@',666,41.8741146,-87.6293059
240,Prinz Beach Park,b'\x00\x00\x00\x00\x01\x01\x00\x00\x00\x9c\xcaX#\xf1\xf3U\xc0j\x9c\xf2\x8d\x8d\x00E@',645,42.0043199,-87.8115929
241,Pulaski Park,b'\x00\x00\x00\x00\x01\x01\x00\x00\x00?\xee\x11 y\xeaU\xc0\x14F\x0el\xf0\xf3D@',448,41.9057746,-87.6636429
242,Pullman Playlot Park,b'\x00\x00\x00\x00\x01\x01\x00\x00\x00T\xc5T\xfa\t\xe7U\xc01|DL\x89\xd8D@',447,41.69169,-87.609984
243,Railroad Junction Playlot Park,b'\x00\x00\x00\x00\x01\x01\x00\x00\x00*oG8\xad\xe6U\xc0\x0e\xa0\xdf\xf7o\xe1D@',445,41.7612295,-87.6043225
244,Rainbow Beach & Park,b'\x00\x00\x00\x00\x01\x01\x00\x00\x00\xe9\xb8\x1a\xd9\x15\xe3U\xc0\x98\x98xQ\x05\xe1D@',442,41.7579748,-87.5482085
245,Rainey Park,b'\x00\x00\x00\x00\x01\x01\x00\x00\x00\x16\x8b:\xce\xc8\xeeU\xc0\xcbk\x80-\n\xe0D@',443,41.7503106,-87.7310062
246,Ravenswood Manor Playlot Park,b'\x00\x00\x00\x00\x01\x01\x00\x00\x00\xea\rRK\xce\xecU\xc0E\xfc\x1eP\x91\xfbD@',444,41.9653721,-87.7000912
247,Revere Park,"b'\x00\x00\x00\x00\x01\x01\x00\x00\x00\x87\xf8,tJ\xecU\xc0\xc8\x0b\xe9\xf0\x10\xfaD@'",3,41.953642,-87.6920443
248,Ridge Park,b'\x00\x00\x00\x00\x01\x01\x00\x00\x00\xebo\t\xc0\xbf\xeaU\xc0\xe3\x12\xecd\x15\xdcD@',469,41.7194029,-87.6679535
249,Riis Park,b'\x00\x00\x00\x00\x01\x01\x00\x00\x00\xc9\x83>\xa2\xd3\xf1U\xc0\x05\x7f\t&H\xf6D@',471,41.9240768,-87.7785421
250,River Esplanade Park,b'\x00\x00\x00\x00\x01\x01\x00\x00\x00\xf2K\xb3/\x8f\xe7U\xc0\x9a\x9d\xa0\xa8\xc7\xf1D@',472,41.8889056,-87.6181144
251,River Park,b'\x00\x00\x00\x00\x01\x01\x00\x00\x00c\xc1\xb3\xf3\xec\xecU\xc0\xf5^!\x18\xac\xfcD@',8,41.9740019,-87.7019624
252,Roberts Square Playlot Park,b'\x00\x00\x00\x00\x01\x01\x00\x00\x00<\xa5\x83\xf5\x7f\xf0U\xc0\xe7\x8b\xbd\x17_\xfcD@',478,41.971652,-87.75781
253,Robichaux Park,b'\x00\x00\x00\x00\x01\x01\x00\x00\x00\xb0vo\xa0\x9b\xe8U\xc0\\\x99\xa6\xbe\xe2\xdcD@',538,41.7256697,-87.6344987
254,Rogers Park,b'\x00\x00\x00\x00\x01\x01\x00\x00\x00\xff-\xb7j\x8d\xecU\xc0\xc8\x9a\x91A\xee\x01E@',541,42.0150835,-87.6961314
255,Ronan Park,b'\x00\x00\x00\x00\x01\x01\x00\x00\x00kL\xe3r\x17\xedU\xc0\xa99\xd4J|\xfcD@',542,41.9725431,-87.7045562
256,Rosedale Park,b'\x00\x00\x00\x00\x01\x01\x00\x00\x00i;\xa6\xeeJ\xf2U\xc0h\xb8\\X\x92\xfeD@',544,41.9888411,-87.7858235
257,Rosenblum Park,b'\x00\x00\x00\x00\x01\x01\x00\x00\x00\x07\x08\xe6\xe8\xf1\xe4U\xc0\xf9\x84\xec\xbc\x8d\xe0D@',545,41.7543255,-87.577265
258,Rowan Park,b'\x00\x00\x00\x00\x01\x01\x00\x00\x00g\xb4UId\xe2U\xc0lG\xccG\xad\xd7D@',546,41.6849756,-87.537371
259,Russell Square Park,b'\x00\x00\x00\x00\x01\x01\x00\x00\x00FH8\x881\xe3U\xc0\xb2lAJG\xdfD@',547,41.7443631,-87.5498982
260,Rutherford Sayre Park,b'\x00\x00\x00\x00\x01\x01\x00\x00\x00X+$\xaa\x01\xf3U\xc0\x13\xecd\x15\xdb\xf5D@',548,41.9207484,-87.7969766
261,Sauganash Park,"b'\x00\x00\x00\x00\x01\x01\x00\x00\x00\x07\xca\x12B,\xefU\xc0\x1c\xd9K\tw\xfeD@'",12,41.9880077,-87.7370763
262,Schafer Park,b'\x00\x00\x00\x00\x01\x01\x00\x00\x00b\xc6\xca\x1e\xd7\xeaU\xc0\xbfo2`\x7f\xf6D@',409,41.9257622,-87.6693799
263,Schreiber Playground Park,b'\x00\x00\x00\x00\x01\x01\x00\x00\x00bBql\xe2\xeaU\xc0\x0f*q\x1d\xe3\xffD@',549,41.9991185,-87.6700698
264,Scottsdale Playground Park,b'\x00\x00\x00\x00\x01\x01\x00\x00\x00P\x1d\xab\x94\x1e\xefU\xc0\xc9\x05g\xf0\xf7\xdeD@',550,41.7419415,-87.7362415
265,Seneca Playlot Park,b'\x00\x00\x00\x00\x01\x01\x00\x00\x00\xf1q\\|\xc0\xe7U\xc0\xe5\xa1J(\xd8\xf2D@',551,41.8972216,-87.6211234
266,Senka Park,b'\x00\x00\x00\x00\x01\x01\x00\x00\x004X?\x19\x92\xedU\xc0\x1cb\x17\xa0H\xe5D@',553,41.79127885,-87.71204215227118
267,Senn Playlot Park,"b'\x00\x00\x00\x00\x01\x01\x00\x00\x00\xd4""G\xdf\xc9\xeaU\xc0\xbd\xdc\xcc\x8d\x8e\xfeD@'",554,41.9887254,-87.6685713
268,Seward Park,b'\x00\x00\x00\x00\x01\x01\x00\x00\x00\xbb\x98f\xba\xd7\xe8U\xc0*\x15\xf9\x9a\x8a\xf3D@',555,41.9026674,-87.638167
269,Shabbona Gymnastics Center,b'\x00\x00\x00\x00\x01\x01\x00\x00\x00U\x1f\xfeP\x1f\xf3U\xc0_J\xb8\xeb\x00\xf9D@',608,41.9453406,-87.7987864
270,Shabbona Park,b'\x00\x00\x00\x00\x01\x01\x00\x00\x00U\x1f\xfeP\x1f\xf3U\xc0_J\xb8\xeb\x00\xf9D@',556,41.9453406,-87.7987864
271,Shedd Park,b'\x00\x00\x00\x00\x01\x01\x00\x00\x00\x19\x1ff/\xdb\xedU\xc0W\xeaY\x10\xca\xecD@',557,41.8499165,-87.716503
272,Sheil Park,b'\x00\x00\x00\x00\x01\x01\x00\x00\x00\x91\x81<\xbb|\xeaU\xc0\x1b\x919\xe0\x04\xf9D@',558,41.9454613,-87.663863
273,Sheridan Park,b'\x00\x00\x00\x00\x01\x01\x00\x00\x006\xb1\x1b\x11\xe7\xe9U\xc0\x03\x1e\xbd\x86\x85\xefD@',559,41.8712624,-87.6547282
274,Sherman Park,b'\x00\x00\x00\x00\x01\x01\x00\x00\x00\x98\x00W\r\x1d\xeaU\xc0!r\x9f\xc1K\xe6D@',561,41.7991869,-87.6580232
275,Sherwood Park,b'\x00\x00\x00\x00\x01\x01\x00\x00\x00\x9a\x93\xbc\xdf\x8d\xe8U\xc0\x04\xf7M\xab2\xe5D@',562,41.7906088,-87.6336593
276,Simons Park,b'\x00\x00\x00\x00\x01\x01\x00\x00\x00\x13\x0e\xbd\xc5\xc3\xedU\xc08\t\xef\xbc\x9e\xf4D@',563,41.9110943,-87.715074
277,Skinner Park,b'\x00\x00\x00\x00\x01\x01\x00\x00\x00\x8b\x8c\x0eHB\xeaU\xc0\xfa\x9bP\x88\x80\xf0D@',565,41.8789225,-87.6602955
278,Smith (Joseph Higgins) Park,b'\x00\x00\x00\x00\x01\x01\x00\x00\x00h\xb3E-(\xecU\xc0\xa25P*+\xf2D@',566,41.8919423,-87.6899522
279,Smith (Wendell) Playlot Park,b'\x00\x00\x00\x00\x01\x01\x00\x00\x00\r\xab\xd3\xdce\xe8U\xc0\xa5 .\xef`\xdbD@',567,41.7138957,-87.6312172
280,Snowberry Playlot Park,b'\x00\x00\x00\x00\x01\x01\x00\x00\x00\xee\xe2GF\x18\xebU\xc0%$-\xf0p\xf2D@',569,41.8940716,-87.6733566
281,Soldier Field,b'\x00\x00\x00\x00\x01\x01\x00\x00\x00\x9e\x96\x1f\xb8J\xe7U\xc0\xcd\x8aM\xd0\xcb\xeeD@',652,41.8655949,-87.6139355
282,South Shore Beach,b'\x00\x00\x00\x00\x01\x01\x00\x00\x00\x07\x8d\xaap\x15\xe4U\xc0\x98i\xfbWV\xe2D@',617,41.76826,-87.5638086
283,South Shore Cultural Center,b'\x00\x00\x00\x00\x01\x01\x00\x00\x00\x07\x8d\xaap\x15\xe4U\xc0\x98i\xfbWV\xe2D@',571,41.76826,-87.5638086
284,South Shore Cultural Center SEV,b'\x00\x00\x00\x00\x01\x01\x00\x00\x00\x07\x8d\xaap\x15\xe4U\xc0\x98i\xfbWV\xe2D@',640,41.76826,-87.5638086
285,Special Olympics Department,b'\x00\x00\x00\x00\x01\x01\x00\x00\x00v;V\x84\xf6\xe7U\xc0\x14\xd1\ng\x12\xf0D@',697,41.8755616,-87.6244212
286,Special Recreation Department,b'\x00\x00\x00\x00\x01\x01\x00\x00\x00v;V\x84\xf6\xe7U\xc0\x14\xd1\ng\x12\xf0D@',692,41.8755616,-87.6244212
287,Spruce Playlot Park,b'\x00\x00\x00\x00\x01\x01\x00\x00\x00\x94\xc6\xc3\xd6\xc7\xe5U\xc0\xfb-\xf0\xcbO\xe6D@',573,41.7993102,-87.5903222
288,Stanton Park,b'\x00\x00\x00\x00\x01\x01\x00\x00\x00\x1e\t\xeaJ:\xe9U\xc0\xb9u\x92\x08\xe8\xf3D@',574,41.9055186,-87.6441829
289,Steelworkers Park,b'\x00\x00\x00\x00\x01\x01\x00\x00\x00\xda\xf4\xb1\xcc\xec\xe1U\xc0\xf9\x91\x11\x06T\xdeD@',421,41.7369392,-87.5300781
290,Strohacker Park,b'\x00\x00\x00\x00\x01\x01\x00\x00\x00\xb7L<V\xdf\xeeU\xc0L\x9b\xbb\xa7\xbc\xe5D@',474,41.7948198,-87.7323814
291,Sumner Park,b'\x00\x00\x00\x00\x01\x01\x00\x00\x00\xc3<u\xf6\xdf\xeeU\xc00.Ui\x8b\xefD@',593,41.871442,-87.7324196
292,Tarkington Park,b'\x00\x00\x00\x00\x01\x01\x00\x00\x00Q=\x88S\x1c\xedU\xc0\xa9\xcb\x18\xd5\xd8\xe1D@',590,41.7644297,-87.7048539
293,Taylor Park,b'\x00\x00\x00\x00\x01\x01\x00\x00\x00oK\xe4\x823\xe8U\xc0\x80%\xfc\xf7\x85\xe7D@',486,41.8087759,-87.628144
294,Taylor-Lauridsen Playground Park,b'\x00\x00\x00\x00\x01\x01\x00\x00\x00\xe7..\xfa/\xe9U\xc0_\x8aa=\xa4\xe8D@',488,41.8175122,-87.6435533
295,The Park at NTA,b'\x00\x00\x00\x00\x01\x01\x00\x00\x00p\xb6\xb91=\xe8U\xc0>\xdf`\xb9\xef\xecD@',587,41.8510658,-87.628735
296,The Prairie Park,b'\x00\x00\x00\x00\x01\x01\x00\x00\x00\xa7\xf6\xd8Lt\xebU\xc0*\xe6 \xe8h\xd7D@',667,41.682889,-87.6789734
297,Throop Park,b'\x00\x00\x00\x00\x01\x01\x00\x00\x00\x9f\x87$\xc4&\xeaU\xc0?q\x00\xfd\xbe\xedD@',491,41.857391,-87.6586161
298,Tilton Park,b'\x00\x00\x00\x00\x01\x01\x00\x00\x00\xbb@\xee\xc7\x12\xefU\xc0\xc1\xc8\xcb\x9aX\xf1D@',494,41.8855165,-87.7355213
299,Touhy Park,b'\x00\x00\x00\x00\x01\x01\x00\x00\x00\xc7\x13A\x9c\x07\xebU\xc0W\x13\xfaO\xed\x01E@',496,42.0150547,-87.6723395
300,Trebes Park,b'\x00\x00\x00\x00\x01\x01\x00\x00\x00#;%\xd6\x18\xeaU\xc0\xd8\xfd\x19\x94\x1f\xf6D@',498,41.9228387,-87.6577659
301,Trumbull Park,b'\x00\x00\x00\x00\x01\x01\x00\x00\x00\xde0\x1b\xae\x1f\xe4U\xc0|\x14\t\x01T\xdaD@',499,41.7056886,-87.5644336
302,Tuley Park,b'\x00\x00\x00\x00\x01\x01\x00\x00\x00\\\xe2mJ\x1e\xe7U\xc0\x12\x1d]\x00u\xddD@',500,41.7301331,-87.6112238
303,Union Park,b'\x00\x00\x00\x00\x01\x01\x00\x00\x00\x97\xbd\xb6\xc8\x87\xeaU\xc0\x92\x97\x90j3\xf1D@',501,41.8843816,-87.6645376
304,Unity Playlot Park,b'\x00\x00\x00\x00\x01\x01\x00\x00\x00\xdd\xc2\xa9\xc5\x96\xedU\xc0wl_\x9b\xe8\xf6D@',502,41.9289736,-87.7123274
305,Valley Forge Park,b'\x00\x00\x00\x00\x01\x01\x00\x00\x00\x89\xf46\x91\xf4\xf2U\xc0\x1d`A\xf5j\xe4D@',503,41.7845141,-87.7961772
306,Veteran's Memorial Park,b'\x00\x00\x00\x00\x01\x01\x00\x00\x00\xdf\xba\xac\xd3\x92\xe3U\xc0<\t\xb6[\xdc\xdbD@',504,41.7176623,-87.5558366
307,Vittum Park,b'\x00\x00\x00\x00\x01\x01\x00\x00\x00\x86\x18T\xc0\xe2\xefU\xc0\xe4\x16N-\xb6\xe6D@',506,41.8024346,-87.7482148
308,Walsh Playground Park,b'\x00\x00\x00\x00\x01\x01\x00\x00\x00W\xfb\x85h\xbe\xeaU\xc0\x1b\x96\xab\xc4\xe1\xf4D@',511,41.9131399,-87.6678716
309,Ward (A. Montgomery) Park,b'\x00\x00\x00\x00\x01\x01\x00\x00\x00l\xab\xfe\xad\t\xe9U\xc0\x02p\xa2LY\xf2D@',599,41.8933502,-87.6412158
310,Warren Park,b'\x00\x00\x00\x00\x01\x01\x00\x00\x00u\x1f\x80\xd4&\xecU\xc0#\x161\xec0\x00E@',514,42.001493,-87.68987
311,Washington Park,b'\x00\x00\x00\x00\x01\x01\x00\x00\x00S\xef\x04Vi\xe8U\xc0\x0eY\x93]\x1f\xf3D@',516,41.8993947,-87.6314292
312,Washington Park Refectory,b'\x00\x00\x00\x00\x01\x01\x00\x00\x00s6x\xbaN\xe7U\xc0j\xf5\xd5U\x81\xe5D@',637,41.7930095,-87.6141802
313,Washington Square Park,b'\x00\x00\x00\x00\x01\x01\x00\x00\x00S\xef\x04Vi\xe8U\xc0\x0eY\x93]\x1f\xf3D@',519,41.8993947,-87.6314292
314,Washtenaw Park,b'\x00\x00\x00\x00\x01\x01\x00\x00\x00F\xb9\x8f7T\xecU\xc0$\xd26\xfeD\xecD@',582,41.8458555,-87.6926402
315,Welles Park,b'\x00\x00\x00\x00\x01\x01\x00\x00\x00\x96\x94\xbb\xcf\xf1\xebU\xc0o@\xf0\x9d=\xfbD@',521,41.9628179,-87.686634
316,Wentworth Gardens Park,b'\x00\x00\x00\x00\x01\x01\x00\x00\x00_\rP\x1aj\xe8U\xc0V\xbe\xc2\xdd\xb4\xe9D@',586,41.8258321,-87.631476
317,Wentworth Park,b'\x00\x00\x00\x00\x01\x01\x00\x00\x00\xb4\xbbQu\xd9\xf1U\xc0{\xd0\xfd\xe6\x0f\xe5D@',523,41.7895478,-87.7788976
318,West Chatham Park,b'\x00\x00\x00\x00\x01\x01\x00\x00\x00/\xbaa\x80i\xe8U\xc0\x8e\x99\x9fvS\xdfD@',525,41.7447346,-87.6314393
319,West Lawn Park,b'\x00\x00\x00\x00\x01\x01\x00\x00\x00.vVf\xa5\xeeU\xc06\xb8c\xa0!\xe3D@',11,41.7744637,-87.7288452
320,West Pullman Park,b'\x00\x00\x00\x00\x01\x01\x00\x00\x00q\x84Vqt\xe8U\xc00\r\xc3G\xc4\xd5D@',526,41.6700525,-87.6321071
321,White (Edward H.) Park,"b""\x00\x00\x00\x00\x01\x01\x00\x00\x00L\xe5H\xc2\x99\xe9U\xc0\x8dA'\x84\x0e\xd6D@""",527,41.672318,-87.6500097
322,White (Willye B.) Park,b'\x00\x00\x00\x00\x01\x01\x00\x00\x00c\x7f\xd9=\xf9\xeaU\xc0(B\x8f\xbd\x83\x02E@',528,42.0196454,-87.6714625
323,Wicker Park,b'\x00\x00\x00\x00\x01\x01\x00\x00\x00~\x99\xde\xb4O\xebU\xc0A\xc8\xc3\x8c:\xf4D@',583,41.9080368,-87.6767399
324,Wildwood Park,"b'\x00\x00\x00\x00\x01\x01\x00\x00\x00n\xe4\x15\xe3\xd7\xf1U\xc0""\xd8]E\xeb\x00E@'",530,42.0071799,-87.7788017
325,Williams Park,b'\x00\x00\x00\x00\x01\x01\x00\x00\x00\xf3Z\x95s*\xe8U\xc0\x12\x1a\x1c\x80\xe8\xebD@',584,41.84303285,-87.62759103379703
326,Wilson (Frank J.) Park,b'\x00\x00\x00\x00\x01\x01\x00\x00\x00kZs\x91\x8c\xf0U\xc0Z\xe9\xfffs\xfbD@',531,41.9644593,-87.7585796
327,Wilson (John P.) Park,b'\x00\x00\x00\x00\x01\x01\x00\x00\x00\x15\xb9\x96\x7f\xe3\xe9U\xc0\x9a\xb8\xb0\xc9u\xeaD@',580,41.8317196,-87.6545104
328,Wilson Community Center Park,b'\x00\x00\x00\x00\x01\x01\x00\x00\x00SQ\x06X\xf5\xe9U\xc0\xbc\xc4\xfd\xec\xec\xeaD@',581,41.8353554,-87.6555996
329,Winnemac Park,b'\x00\x00\x00\x00\x01\x01\x00\x00\x00n\xde8)\xcc\xebU\xc0LP\xc3\xb7\xb0\xfcD@',578,41.974143,-87.684336
330,Wolfe Playground Park,b'\x00\x00\x00\x00\x01\x01\x00\x00\x00[J\xf1L\xc3\xe2U\xc0@9e\xc9w\xd9D@',533,41.6989681,-87.5431702
331,Woodhull Playground Park,b'\x00\x00\x00\x00\x01\x01\x00\x00\x00%\xea\x05\x9ff\xe5U\xc0\xc4b/oi\xe1D@',535,41.7610301,-87.5843885
332,Wrightwood Park,b'\x00\x00\x00\x00\x01\x01\x00\x00\x00\xc6\xc3{\x0e\xac\xeaU\xc0ra\xee\xa4\xcf\xf6D@',536,41.9282118,-87.6667515
333,Avondale Gymnastics Center,b'\x00\x00\x00\x00\x01\x01\x00\x00\x00f\xa2\xad\xda\xc6\xedU\xc0\xb5]W\x82{\xf8D@',16,41.9412692,-87.71526209789735
334,Calumet Gymnastics Center,b'\x00\x00\x00\x00\x01\x01\x00\x00\x00t=v\xbc\xee\xe1U\xc0\xd8\x914\xc9\xd9\xdbD@',609,41.7175838,-87.5301963
335,Garfield Gymnastics Center,b'\x00\x00\x00\x00\x01\x01\x00\x00\x00\x1e\x8bmR\xd1\xedU\xc0\x96@J\xec\xda\xf0D@',611,41.881681,-87.715901
336,Harrison Gymnastics Center,b'\x00\x00\x00\x00\x01\x01\x00\x00\x00\x99.\x1f\xa4\x02\xebU\xc0\xa2\x04\xa2\xcc\xab\xedD@',606,41.8568054,-87.6720362
337,Hoyne Playground Park,b'\x00\x00\x00\x00\x01\x01\x00\x00\x00\x10\x08t&m\xebU\xc0C\xadi\xdeq\xeaD@',245,41.8316,-87.678537
338,Margaret T. Burroughs Beach,b'\x00\x00\x00\x00\x01\x01\x00\x00\x00\x1f\xbf\xb7\xe9\xcf\xe6U\xc0D\xfbX\xc1o\xebD@',620,41.839348,-87.60644
339,McKinley Gymnastics Center,b'\x00\x00\x00\x00\x01\x01\x00\x00\x00\xd1\x99\x0fc\xad\xebU\xc0\x8b\xd50\x8dp\xe9D@',610,41.8237473,-87.6824577
340,Oakwood Beach,"b'\x00\x00\x00\x00\x01\x01\x00\x00\x00\xba\xf8\xdb\x9e \xe6U\xc0\xad\x16\xd8c""\xe9D@'",616,41.821362,-87.595741
